City,Lat,Lng,Max Temp,Humidity,Cloudiness,Wind Speed,Country,Date
Bagotville,-28.98,153.42,55.0,87,0,6.93,AU,1595184112
Wuwei,37.93,102.64,66.0,54,58,4.21,CN,1595184113
Ponta Delgada,37.73,-25.67,71.6,64,75,11.41,PT,1595184115
Port Blair,11.67,92.75,81.54,79,100,3.74,IN,1595184116
Berlevåg,70.86,29.09,54.99,93,100,9.33,NO,1595184117
Kapaa,22.08,-159.32,80.6,88,90,14.99,US,1595184118
Ushuaia,-54.8,-68.3,32.0,92,75,4.7,AR,1595184119
Santander,43.46,-3.8,75.2,78,20,9.17,ES,1595184120
Hermanus,-34.42,19.23,51.01,91,0,8.43,ZA,1595184122
Roald,62.58,6.13,57.2,76,75,4.7,NO,1595184123
Pacific Grove,36.62,-121.92,62.6,77,90,5.82,US,1595183853
Butaritari,3.07,172.79,83.21,76,29,15.52,KI,1595184125
Alyangula,-13.85,136.42,59.0,100,90,8.66,AU,1595184126
Inhambane,-23.86,35.38,68.0,77,20,9.1,MZ,1595183919
Rikitea,-23.12,-134.97,68.49,73,1,15.79,PF,1595184128
Hithadhoo,-0.6,73.08,82.83,77,100,16.35,MV,1595184131
Rocha,-34.48,-54.33,73.96,76,100,4.54,UY,1595184132
‘Āhuimanu,21.44,-157.84,80.01,78,90,6.93,US,1595183899
Hilo,19.73,-155.09,78.8,78,75,6.17,US,1595184136
Vao,-22.67,167.48,69.17,73,1,14.0,NC,1595184137
Puerto Ayora,-0.74,-90.35,77.0,69,75,16.11,EC,1595184138
Horana,6.72,80.06,82.4,94,40,3.36,LK,1595184139
Bredasdorp,-34.53,20.04,55.4,93,0,1.12,ZA,1595184084
Port Augusta,-32.5,137.77,46.4,75,90,2.24,AU,1595184142
Mataura,-46.19,168.86,39.0,83,100,3.0,NZ,1595183860
Kropotkin,45.44,40.58,76.42,58,0,10.94,RU,1595184144
Gizo Government Station,-8.1,156.84,80.15,76,5,3.11,SB,1595183869
Dali,25.7,100.18,63.68,88,100,4.27,CN,1595184147
Bluff,-46.6,168.33,39.0,83,100,3.0,NZ,1595184148
Mar del Plata,-38.0,-57.56,55.4,100,75,8.05,AR,1595184150
Atuona,-9.8,-139.03,79.52,72,44,14.07,PF,1595184151
Hobart,-42.88,147.33,46.4,61,40,12.75,AU,1595184010
Kaitangata,-46.28,169.85,42.01,85,100,8.01,NZ,1595184153
Barrow,71.29,-156.79,35.6,80,75,9.17,US,1595184154
Bubaque,11.28,-15.83,78.49,83,100,18.59,GW,1595184155
Albany,42.6,-73.97,96.01,33,3,8.97,US,1595184156
Neyshabur,36.21,58.8,80.56,15,0,8.5,IR,1595183920
Port Alfred,-33.59,26.89,62.19,82,0,15.82,ZA,1595184158
Comodoro Rivadavia,-45.87,-67.5,42.8,93,75,10.29,AR,1595184124
Cape Town,-33.93,18.42,60.01,100,40,10.29,ZA,1595183917
Punta Arenas,-53.15,-70.92,33.8,86,75,10.29,CL,1595184129
Ware,51.81,-0.03,66.2,45,85,6.93,GB,1595184041
Mount Gambier,-37.83,140.77,46.4,81,75,9.17,AU,1595183931
Arraial do Cabo,-22.97,-42.03,75.2,73,20,20.8,BR,1595184166
Talcahuano,-36.72,-73.12,57.2,87,75,11.41,CL,1595184167
Kruisfontein,-34.0,24.73,52.45,81,0,3.87,ZA,1595184169
Manche,49.0,-1.17,66.2,77,40,9.17,FR,1595184170
Tura,25.52,90.22,75.13,97,98,7.92,IN,1595184171
Kushima,31.46,131.23,76.69,88,100,3.58,JP,1595183921
Saint Paul Harbor,57.79,-152.41,55.4,87,90,9.17,US,1595184173
Whitehorse,60.72,-135.05,64.0,55,75,6.93,CA,1595184091
Bengkulu,-3.8,102.27,77.05,90,75,8.03,ID,1595184175
Shādegān,30.65,48.66,107.6,25,0,4.7,IR,1595184176
Tevaitoa,-16.78,-151.5,77.29,82,97,21.83,PF,1595184178
Fortuna,40.6,-124.16,64.4,72,20,10.29,US,1595184179
Neuquén,-38.95,-68.06,50.0,87,75,8.55,AR,1595184180
Klaksvík,62.23,-6.59,50.0,76,100,17.22,FO,1595184182
Busselton,-33.65,115.33,44.01,74,51,8.23,AU,1595184183
Torbay,47.67,-52.73,77.0,43,20,11.41,CA,1595184184
Manga,11.66,-1.07,83.8,62,94,4.68,BF,1595184186
Alingsås,57.93,12.53,71.01,72,100,3.36,SE,1595184187
Avarua,-21.21,-159.78,73.4,83,18,16.11,CK,1595184188
Longyearbyen,78.22,15.64,46.4,81,75,12.75,SJ,1595184189
Hūn,29.13,15.95,86.67,39,0,19.86,LY,1595184190
Saint George,37.1,-113.58,96.01,12,1,6.46,US,1595184191
Nanortalik,60.14,-45.24,50.92,72,0,2.04,GL,1595184193
Cherskiy,68.75,161.3,64.27,59,0,7.54,RU,1595183915
Ponta do Sol,32.67,-17.1,71.01,71,0,6.11,PT,1595184196
Airai,-8.93,125.41,54.05,64,53,2.51,TL,1595184197
Acaponeta,22.5,-105.36,99.48,32,0,6.04,MX,1595184198
Upernavik,72.79,-56.15,49.21,55,81,4.47,GL,1595184199
Viedma,-40.81,-63.0,57.0,78,35,4.0,AR,1595184200
Tukums,56.97,23.16,73.4,60,98,2.24,LV,1595184201
Tessalit,20.2,1.01,93.25,27,0,10.87,ML,1595184202
Bambous Virieux,-20.34,57.76,70.0,72,40,14.99,MU,1595184204
Ketchikan,55.34,-131.65,59.0,87,90,11.41,US,1595184205
Sioux Lookout,50.1,-91.92,57.2,87,90,19.46,CA,1595184206
Port Elizabeth,-33.92,25.57,59.0,100,0,4.7,ZA,1595184207
Mandalgovi,45.76,106.27,58.44,46,90,6.62,MN,1595184208
Lakes Entrance,-37.88,147.98,46.99,74,39,18.41,AU,1595184209
Mount Isa,-20.73,139.5,60.8,19,0,8.05,AU,1595183919
Kiruna,67.86,20.23,59.0,93,98,8.55,SE,1595184211
Jamestown,42.1,-79.24,82.99,69,90,10.29,US,1595184141
Isangel,-19.55,169.27,68.0,67,0,5.79,VU,1595184215
Ahmadpur East,29.14,71.26,101.52,35,0,24.0,PK,1595184216
Pingliang,35.54,106.69,62.15,53,0,2.82,CN,1595184217
Lorengau,-2.02,147.27,81.12,75,17,7.56,PG,1595184218
San Cristobal,7.77,-72.22,95.0,34,20,18.34,VE,1595184148
Nikolskoye,59.7,30.79,69.01,64,0,6.71,RU,1595184220
La Rioja,42.25,-2.5,95.0,20,20,9.17,ES,1595184039
Qaanaaq,77.48,-69.36,47.14,67,99,1.14,GL,1595184223
Banda Aceh,5.56,95.32,80.17,79,100,3.94,ID,1595184225
Norman Wells,65.28,-126.83,59.0,77,75,6.93,CA,1595184227
Gayny,60.31,54.32,63.95,72,100,8.12,RU,1595184228
Caravelas,-17.71,-39.25,75.38,74,46,8.43,BR,1595184229
Semey,50.41,80.23,67.93,52,0,9.53,KZ,1595184065
Dikson,73.51,80.55,41.31,95,100,11.92,RU,1595184231
Miles City,46.41,-105.84,80.6,21,75,9.17,US,1595184232
Tasiilaq,65.61,-37.64,55.4,47,0,9.17,GL,1595184083
Begichevskiy,53.8,38.26,58.91,86,0,6.02,RU,1595184234
Namatanai,-3.67,152.43,78.53,78,7,4.52,PG,1595184236
Itarema,-2.92,-39.92,82.09,63,3,17.92,BR,1595184238
Naze,28.37,129.48,80.6,94,20,6.93,JP,1595184239
Tebingtinggi,3.33,99.16,78.8,100,40,3.36,ID,1595184240
Kota Kinabalu,5.97,116.07,75.2,94,20,3.36,MY,1595184241
São Sebastião,-23.76,-45.41,72.91,67,0,1.74,BR,1595184071
Hofn,64.25,-15.21,56.48,58,62,9.48,IS,1595184244
La Palma,33.85,-118.05,84.0,50,1,9.15,US,1595184245
Jalu,29.03,21.55,88.05,24,0,10.45,LY,1595184246
Faya,18.39,42.45,77.0,50,100,9.17,SA,1595184247
Vaini,-21.2,-175.2,66.2,100,90,13.87,TO,1595184148
New Norfolk,-42.78,147.06,44.01,85,4,1.99,AU,1595184249
Eilat,29.56,34.95,98.6,29,0,8.05,IL,1595184186
Langenburg,49.25,9.85,75.2,53,100,3.36,DE,1595184252
Cerritos,33.86,-118.06,84.0,50,1,9.1,US,1595184253
San Quintín,30.48,-115.95,78.58,54,0,18.14,MX,1595184254
Camargo,27.67,-105.17,86.81,33,16,3.44,MX,1595184255
Kidal,18.44,1.41,97.32,22,100,8.48,ML,1595184257
Tobol,52.68,62.58,71.67,70,23,4.76,KZ,1595184258
Winnemucca,40.97,-117.74,89.6,13,1,6.93,US,1595184259
Necochea,-38.55,-58.74,54.0,91,3,11.01,AR,1595184260
Bonavista,48.65,-53.11,64.0,67,68,10.98,CA,1595184262
Vardø,70.37,31.11,55.4,93,75,12.75,NO,1595184263
Thompson,55.74,-97.86,75.2,44,75,11.41,CA,1595184216
Cidreira,-30.18,-50.21,72.05,69,100,10.31,BR,1595184265
Callaway,30.15,-85.57,91.0,66,40,12.75,US,1595184266
Tiksi,71.69,128.87,56.07,73,0,8.95,RU,1595184268
Lagoa,39.05,-27.98,69.44,75,13,7.74,PT,1595184269
Sorong,-0.88,131.25,77.99,87,7,7.96,ID,1595184271
Langarūd,37.2,50.15,84.2,83,40,1.88,IR,1595184071
Los Llanos de Aridane,28.66,-17.92,82.99,78,0,16.11,ES,1595184200
Clyde River,70.47,-68.59,50.0,71,1,13.87,CA,1595184230
Mogadishu,2.04,45.34,77.36,78,100,17.2,SO,1595184275
Kawalu,-7.38,108.21,71.94,92,95,1.86,ID,1595184276
Galle,6.04,80.22,79.43,86,100,10.16,LK,1595184277
Souillac,-20.52,57.52,68.0,72,40,14.99,MU,1595184278
Edd,13.93,41.69,89.91,59,100,4.83,ER,1595184280
Kostanay,53.17,63.58,77.0,50,40,13.42,KZ,1595184281
Kahului,20.89,-156.47,84.2,54,20,17.22,US,1595184282
Mossamedes,-15.2,12.15,69.04,72,0,6.31,AO,1595184283
Zhezkazgan,47.8,67.71,75.2,44,40,11.18,KZ,1595184284
Ol'ga,43.74,135.29,59.14,92,100,2.24,RU,1595184286
Sabang,5.89,95.32,83.32,74,100,5.21,ID,1595184289
Morón,-34.65,-58.62,78.8,60,100,6.93,AR,1595184290
Castro,-24.79,-50.01,70.88,60,9,5.44,BR,1595184291
Tauá,-5.97,-40.3,88.81,32,17,13.33,BR,1595184292
Poddor'ye,57.47,31.12,62.1,86,100,6.69,RU,1595184293
Point Pedro,9.82,80.23,81.82,77,100,11.07,LK,1595184295
Yellowknife,62.46,-114.35,69.01,77,75,11.41,CA,1595184040
Khatanga,71.97,102.5,49.55,81,100,6.26,RU,1595184299
Ayan,56.45,138.17,53.31,97,100,1.68,RU,1595184300
Coruripe,-10.13,-36.18,75.83,83,47,13.87,BR,1595184301
Poum,-20.23,164.02,70.47,70,82,9.01,NC,1595184303
Beringovskiy,63.05,179.32,45.18,85,69,10.94,RU,1595184304
Hong Kong,22.29,114.16,84.0,79,100,5.01,HK,1595184045
Ishigaki,24.34,124.16,84.63,79,0,14.85,JP,1595184307
Lebu,-37.62,-73.65,54.41,83,0,13.42,CL,1595184308
Uryupinsk,50.8,42.01,66.0,75,18,4.09,RU,1595184309
Ban Tak,17.04,99.08,76.62,86,100,5.08,TH,1595184310
Sarkand,45.41,79.92,71.1,42,31,8.12,KZ,1595184311
Codrington,-38.27,141.97,49.26,75,80,11.21,AU,1595184312
Plettenberg Bay,-34.05,23.37,58.78,79,0,2.73,ZA,1595184313
Pakxan,18.38,103.66,77.72,87,100,1.36,LA,1595184315
Gigmoto,13.78,124.39,80.92,77,100,2.89,PH,1595184316
Vila Franca do Campo,37.72,-25.43,71.6,64,75,11.41,PT,1595184317
Kumul,42.8,93.45,87.69,17,90,11.81,CN,1595184318
Levice,48.22,18.61,72.0,88,0,4.03,SK,1595184319
Tuatapere,-46.13,167.68,39.0,83,100,3.0,NZ,1595184320
Zhangaözen,43.3,52.8,87.19,20,0,15.46,KZ,1595184065
Bethel,41.37,-73.41,95.0,43,1,13.87,US,1595184322
Borger,52.92,6.79,69.01,79,62,5.01,NL,1595184210
Tuktoyaktuk,69.45,-133.04,42.8,87,90,3.36,CA,1595184233
Ahipara,-35.17,173.17,55.56,91,42,6.89,NZ,1595184268
Aketi,2.74,23.78,70.84,83,100,0.74,CD,1595184327
Pedernales,18.04,-71.74,87.8,66,40,13.87,DO,1595184328
East London,-33.02,27.91,63.66,77,0,15.75,ZA,1595184329
Peno,56.93,32.74,58.62,84,100,3.2,RU,1595184330
Vila Velha,-20.33,-40.29,75.99,83,75,5.82,BR,1595184332
Kumluca,36.37,30.29,80.02,60,0,2.06,TR,1595184333
Paamiut,61.99,-49.67,48.0,82,100,1.61,GL,1595184334
Bowen,-20.02,148.23,64.99,100,40,5.82,AU,1595184335
Husavik,66.04,-17.34,50.0,71,40,13.87,IS,1595184272
Ixtapa,20.7,-105.2,91.0,62,5,5.82,MX,1595184241
Saint-Philippe,-21.36,55.77,66.2,77,75,12.75,RE,1595184338
Carnarvon,-24.87,113.63,51.8,76,0,10.29,AU,1595184340
Touros,-5.2,-35.46,82.4,65,40,13.87,BR,1595184093
Honningsvåg,70.98,25.97,57.2,76,100,4.7,NO,1595184342
Kandalaksha,67.16,32.41,63.64,78,3,2.89,RU,1595184343
Lago da Pedra,-4.33,-45.17,88.5,49,79,4.07,BR,1595184344
Amuntai,-2.42,115.25,73.54,97,78,0.67,ID,1595184345
Bulawayo,-20.15,28.58,53.82,43,0,11.86,ZW,1595184322
Beidao,34.57,105.89,62.62,58,0,3.15,CN,1595184348
Manitouwadge,49.12,-85.84,57.2,100,90,4.7,CA,1595184349
Elizabeth City,36.29,-76.25,93.99,63,20,10.29,US,1595184270
Hobyo,5.35,48.53,78.57,66,100,22.88,SO,1595184353
Severo-Kuril'sk,50.68,156.12,49.55,92,100,10.96,RU,1595184354
Nipawin,53.37,-104.0,66.2,77,75,8.05,CA,1595184356
Natal,-5.79,-35.21,82.4,65,40,13.87,BR,1595184357
Katsuura,35.13,140.3,75.0,95,100,1.01,JP,1595184280
Hasaki,35.73,140.83,71.01,100,40,1.32,JP,1595184360
Chicama,-7.84,-79.15,71.8,56,10,11.45,PE,1595184361
Te Anau,-45.42,167.72,40.8,86,100,1.45,NZ,1595184362
Saldanha,-33.01,17.94,55.4,82,0,5.82,ZA,1595184363
Mehamn,71.04,27.85,57.2,76,100,4.7,NO,1595184364
Heyang,26.1,107.47,69.31,94,100,1.81,CN,1595184366
Hearst,49.68,-83.67,72.0,68,81,13.73,CA,1595184367
Arlit,18.74,7.39,95.47,25,100,11.03,NE,1595184347
Pemba,-12.97,40.52,75.2,73,20,14.99,MZ,1595184369
Chabahar,25.29,60.64,87.01,81,53,2.91,IR,1595184370
São João da Barra,-21.64,-41.05,77.0,65,40,13.87,BR,1595184371
Alekseyevka,50.63,38.69,62.49,79,0,4.05,RU,1595184372
Swellendam,-34.02,20.44,55.4,93,0,1.12,ZA,1595184373
Sambava,-14.27,50.17,69.6,81,64,15.17,MG,1595184375
Lüderitz,-26.65,15.16,69.8,28,0,3.36,NA,1595184378
Vitim,59.45,112.56,53.67,76,100,1.86,RU,1595184379
Kayes,14.0,-11.0,89.6,59,40,4.7,ML,1595184380
Port Hedland,-20.32,118.57,59.0,67,0,5.82,AU,1595184381
Longyan,25.11,117.02,74.84,88,100,2.8,CN,1595184382
Zhaozhou,45.68,125.32,66.31,97,100,5.37,CN,1595184384
Mil'kovo,54.72,158.62,52.84,82,75,2.84,RU,1595184317
Entre Rios,-11.94,-38.08,73.17,81,33,7.85,BR,1595184386
Ribeira Grande,38.52,-28.7,75.2,60,40,9.17,PT,1595184387
Acapulco de Juárez,16.86,-99.89,87.8,70,40,5.82,MX,1595184388
Igbo-Ora,7.43,3.28,75.09,91,100,7.43,NG,1595184389
Sawtell,-30.38,153.1,48.0,93,0,5.82,AU,1595184390
Goryachegorsk,55.41,88.92,52.77,83,0,3.87,RU,1595184391
Lata,40.16,-8.33,80.01,57,0,8.01,PT,1595184321
Huanren,41.26,125.37,65.7,94,100,1.81,CN,1595184394
La Libertad,-2.23,-80.9,73.4,83,75,8.05,EC,1595184395
Ostrovnoy,68.05,39.51,67.57,70,0,13.87,RU,1595184396
Nantucket,41.28,-70.1,71.6,88,90,12.75,US,1595184221
Petropavlovsk-Kamchatskiy,53.05,158.65,50.0,100,40,8.95,RU,1595184398
Andenes,69.31,16.12,60.8,67,75,9.17,NO,1595184399
Somerville,42.39,-71.1,98.01,41,20,16.11,US,1595184207
Anadyr,64.75,177.48,44.6,75,0,2.24,RU,1595184403
Pevek,69.7,170.31,45.86,59,0,2.57,RU,1595184404
Maltahöhe,-24.83,16.98,56.55,31,0,12.1,NA,1595184406
San Rafael del Sur,11.85,-86.44,91.4,52,40,11.41,NI,1595184407
Pandan,14.05,124.17,80.44,79,100,3.13,PH,1595184408
George Town,5.41,100.34,82.4,94,40,4.7,MY,1595184261
Zeerust,-25.54,26.08,51.8,14,0,5.82,ZA,1595184411
Saskylakh,71.92,114.08,50.34,78,91,9.89,RU,1595184412
Muzaffarpur,26.12,85.4,78.8,94,75,5.82,IN,1595184336
Rum,47.3,11.43,69.8,68,75,2.24,AT,1595184414
Saint-Joseph,-21.37,55.62,66.2,77,75,12.75,RE,1595184415
Geraldton,-28.77,114.6,48.2,87,0,4.7,AU,1595184165
Beaverlodge,55.22,-119.44,59.0,82,90,18.34,CA,1595184186
Asău,46.43,26.4,60.01,97,100,2.39,RO,1595184278
Sørland,67.67,12.69,59.0,77,11,9.17,NO,1595184421
Antsohihy,-14.88,47.99,71.1,59,0,12.24,MG,1595184423
Am Timan,11.03,20.28,74.41,90,100,6.31,TD,1595184424
Ola,59.58,151.28,56.71,70,3,6.29,RU,1595184425
Benguela,-12.58,13.41,68.76,78,0,4.9,AO,1595184254
Portalegre,39.29,-7.43,96.8,18,0,9.17,PT,1595184428
Santa María del Oro,25.93,-105.37,82.76,31,76,9.13,MX,1595184430
Tursunzoda,38.51,68.23,77.0,38,1,6.06,TJ,1595184431
Placerville,38.73,-120.8,91.99,30,1,6.93,US,1595184288
Nouakchott,18.09,-15.98,82.4,74,40,14.99,MR,1595184433
Winsum,53.33,6.52,66.0,82,75,11.41,NL,1595184434
Provideniya,64.38,-173.3,48.97,67,50,3.8,RU,1595184225
Moose Factory,51.26,-80.61,75.2,78,90,9.17,CA,1595184436
Tinskoy,56.15,96.92,48.16,83,0,2.33,RU,1595184438
Aklavik,68.22,-135.01,46.4,93,75,3.36,CA,1595184439
Agüimes,27.91,-15.45,89.6,25,0,27.51,ES,1595184440
San Miguel de Cozumel,20.51,-86.95,87.01,74,100,8.99,MX,1595184302
Båtsfjord,70.63,29.72,59.0,93,75,12.75,NO,1595184442
Puerto Baquerizo Moreno,-0.9,-89.6,75.2,73,75,12.75,EC,1595184257
Jiehu,35.54,118.45,67.64,86,0,4.59,CN,1595184444
Lavrentiya,65.58,-171.0,47.82,66,86,12.66,RU,1595184272
Karachi,24.91,67.08,87.8,70,40,11.41,PK,1595184241
Tilichiki,60.47,166.1,49.33,98,100,8.43,RU,1595184448
Makīnsk,52.63,70.42,67.3,48,43,2.48,KZ,1595184449
Paragominas,-2.97,-47.48,88.99,51,99,4.25,BR,1595184339
Krasnosel'kup,65.7,82.47,53.49,77,100,10.74,RU,1595184451
Chulym,55.1,80.96,65.34,88,62,4.9,RU,1595184452
Russell,32.35,-85.2,95.0,41,40,3.36,US,1595184453
Laas,46.62,10.7,66.2,52,40,5.82,IT,1595184454
Santa Helena,-2.23,-45.3,81.28,78,75,2.82,BR,1595184456
Sydney,-33.87,151.21,53.01,76,0,6.93,AU,1595184336
Paramonga,-10.67,-77.83,65.84,66,40,11.56,PE,1595184356
Bad Krozingen,47.92,7.7,79.0,42,100,1.01,DE,1595184459
Knarvik,60.54,5.29,57.99,71,40,12.75,NO,1595184460
Safaga,26.73,33.94,85.78,51,0,2.24,EG,1595184461
Aranos,-24.13,19.12,54.37,34,0,10.74,NA,1595184462
North Augusta,33.5,-81.97,96.01,44,40,5.82,US,1595184463
Constitución,-35.33,-72.42,56.25,83,68,14.67,CL,1595184338
College,64.86,-147.8,60.8,82,75,3.36,US,1595184466
Martaban,16.53,97.61,79.12,85,100,3.02,MM,1595184467
Luanda,-8.84,13.23,73.4,73,0,6.93,AO,1595184468
Price,39.6,-110.81,87.8,16,1,5.82,US,1595184469
Talnakh,69.49,88.4,50.0,81,98,20.13,RU,1595184470
Mahébourg,-20.41,57.7,68.0,72,40,14.99,MU,1595184232
Stepnyak,52.83,70.78,69.6,47,63,1.1,KZ,1595184472
Makkah al Mukarramah,21.43,39.83,84.7,40,1,5.14,SA,1595184270
Mutoko,-17.4,32.23,51.55,82,0,4.27,ZW,1595184475
Bétaré Oya,5.6,14.08,68.27,92,100,2.91,CM,1595184476
Kenora,49.82,-94.43,59.0,77,90,16.11,CA,1595184477
Bahía Blanca,-38.72,-62.27,60.84,52,100,10.6,AR,1595184478
Dongsheng,39.82,109.98,68.92,36,0,13.94,CN,1595184479
Maniitsoq,65.42,-52.9,49.46,82,100,3.2,GL,1595184480
Padang,-0.95,100.35,73.4,100,40,2.24,ID,1595184481
Jiazi,22.88,116.07,82.27,86,100,9.4,CN,1595184482
Grindavik,63.84,-22.43,50.0,76,75,10.29,IS,1595184483
San Andrés,12.58,-81.7,87.8,70,20,13.87,CO,1595184485
Mel'nikovo,56.56,84.08,64.99,85,57,6.13,RU,1595184486
Dunedin,-45.87,170.5,42.01,84,25,5.01,NZ,1595184487
Nome,64.5,-165.41,52.0,76,75,11.41,US,1595184485
Deolāli,19.95,73.83,75.36,87,100,10.54,IN,1595184489
Richards Bay,-28.78,32.04,60.94,83,0,3.51,ZA,1595184261
Trincomalee,8.57,81.23,82.27,79,100,6.55,LK,1595184491
Catabola,-12.15,17.28,54.84,41,0,3.85,AO,1595184492
Guiratinga,-16.35,-53.76,87.19,27,0,4.92,BR,1595184493
Mayor Pablo Lagerenza,-19.93,-60.77,96.19,23,0,15.82,PY,1595184495
Hanmer Springs,-42.52,172.82,44.67,80,66,5.86,NZ,1595184496
Grand Gaube,-20.01,57.66,70.0,63,51,13.0,MU,1595184498
Lahat,-3.8,103.53,72.45,93,25,1.83,ID,1595184499
Aden,12.78,45.04,86.79,69,84,22.82,YE,1595184401
Ilulissat,69.22,-51.1,57.2,41,100,3.36,GL,1595184501
Solton,52.84,86.48,58.3,80,50,3.87,RU,1595184502
Broken Hill,-31.95,141.43,41.0,75,66,2.24,AU,1595184266
Gambēla,8.25,34.58,67.37,91,100,3.33,ET,1595184505
Aksu,41.12,80.26,74.86,41,100,6.85,CN,1595184506
Gal'bshtadt,53.23,78.98,65.23,80,5,6.4,RU,1595184507
Port Hardy,50.7,-127.42,64.4,77,75,14.99,CA,1595184508
Hanyang,32.14,105.51,68.22,87,100,1.59,CN,1595184509
Henties Bay,-22.12,14.28,68.16,31,0,11.03,NA,1595184445
Kodīnar,20.79,70.7,83.64,82,99,13.35,IN,1595184511
Antalaha,-14.9,50.28,69.46,79,34,14.05,MG,1595184512
Westport,41.14,-73.36,93.99,41,1,9.17,US,1595184514
Big Spring,32.25,-101.48,90.0,40,1,4.7,US,1595184339
Aviemore,57.2,-3.83,57.99,71,40,12.75,GB,1595184516
Port Lincoln,-34.73,135.87,51.6,74,96,9.1,AU,1595184517
Luwuk,-0.95,122.79,77.32,78,54,5.08,ID,1595184518
Ashquelon,31.67,34.57,82.0,64,0,1.01,IL,1595184520
Port-Gentil,-0.72,8.78,77.0,83,40,14.12,GA,1595184290
West Wendover,40.74,-114.07,89.6,15,1,8.05,US,1595184522
Leningradskiy,69.38,178.42,36.32,83,68,5.03,RU,1595184523
Bandar,2.05,99.75,73.13,94,95,2.55,ID,1595184524
Chokurdakh,70.63,147.92,62.91,57,100,13.71,RU,1595184525
Pangnirtung,66.15,-65.71,60.8,63,90,4.7,CA,1595184527
Champerico,14.3,-91.92,91.4,63,20,6.93,GT,1595184241
Lebedinyy,58.52,125.52,61.02,79,100,6.4,RU,1595184529
Rio Grande,-32.03,-52.1,87.8,40,35,11.41,BR,1595184492
Wajid,3.81,43.25,75.63,67,100,20.83,SO,1595184531
Ji’an,27.12,114.98,77.11,95,100,4.92,CN,1595184284
Masuda,34.67,131.85,78.8,88,75,3.36,JP,1595184533
Erzin,36.96,36.2,82.99,76,0,0.96,TR,1595184317
Katakwi,1.89,33.97,65.8,65,21,4.34,UG,1595184536
Kalamnūri,19.67,77.33,81.77,76,100,1.9,IN,1595184537
Kedrovyy,56.17,91.82,50.0,93,22,2.91,RU,1595184538
Buseresere,-3.02,31.87,67.42,46,12,0.51,TZ,1595184539
Seoul,37.57,126.98,78.8,94,90,12.75,KR,1595184474
Esperance,-33.87,121.9,50.0,81,90,4.7,AU,1595184541
Lázaro Cárdenas,17.96,-102.2,87.35,65,0,7.94,MX,1595184543
Shchigry,51.88,36.9,62.6,77,7,2.24,RU,1595184545
Hervey Bay,-25.3,152.85,55.0,89,0,5.99,AU,1595184353
Verkhniy Uslon,55.77,48.98,64.4,72,40,6.71,RU,1595184547
Río Gallegos,-51.62,-69.22,35.6,64,75,3.36,AR,1595184549
Lompoc,34.64,-120.46,71.6,77,1,9.17,US,1595184500
Nyaunglebin,17.95,96.73,77.95,90,100,4.68,MM,1595184551
Newport,51.59,-3.0,68.0,61,0,13.47,GB,1595184267
Kavieng,-2.57,150.8,80.92,75,100,6.35,PG,1595184554
São Filipe,14.9,-24.5,77.49,78,100,5.95,CV,1595184555
Narsaq,60.92,-46.05,69.8,35,4,3.36,GL,1595184556
Santa Rosa,14.31,121.11,80.01,85,94,5.99,PH,1595184535
‘Ewa Beach,21.32,-158.01,80.6,74,90,8.05,US,1595184559
Vila,42.03,-8.16,81.0,60,0,10.0,PT,1595184560
Udachny,66.42,112.4,53.6,93,90,4.47,RU,1595184561
Olafsvik,64.89,-23.71,49.1,72,1,7.2,IS,1595184282
Gonbad-e Kāvūs,37.25,55.17,84.2,62,0,4.7,IR,1595184564
Dingle,11.0,122.67,74.86,85,100,2.15,PH,1595184565
Tegul'det,57.31,88.17,57.97,89,100,5.06,RU,1595184566
Sembakung,3.82,117.25,73.71,97,100,2.06,ID,1595184567
Cabo San Lucas,22.89,-109.91,93.2,41,40,11.41,MX,1595184291
Kpandu,7.0,0.29,78.42,77,100,2.68,GH,1595184569
Muros,42.78,-9.06,70.0,77,0,14.0,ES,1595184570
Emmen,52.78,6.91,73.4,60,16,6.93,NL,1595184572
Cockburn Town,21.46,-71.14,89.6,59,75,14.99,TC,1595184573
Kumylzhenskaya,49.88,42.59,66.0,70,0,1.99,RU,1595184574
Mikuni,36.22,136.15,75.2,88,20,2.24,JP,1595184575
Noril'sk,69.35,88.2,50.0,81,90,20.13,RU,1595184576
Vangaindrano,-23.35,47.6,66.09,70,100,4.05,MG,1595184577
Arrondissement de Foix,42.83,1.58,84.0,7,10,1.95,FR,1595184578
Ābdānān,32.99,47.42,89.85,12,0,12.86,IR,1595184580
Biasca,46.36,8.97,78.8,61,11,2.24,CH,1595184581
Coyhaique,-45.58,-72.07,33.8,86,90,3.96,CL,1595184423
Buchanan,5.88,-10.05,77.0,94,75,9.66,LR,1595184583
Fomboni,-12.28,43.74,77.88,69,100,18.37,KM,1595184584
Faanui,-16.48,-151.75,77.07,83,58,22.26,PF,1595184585
Kupang,-10.17,123.58,72.09,82,1,8.03,ID,1595184586
Port Moresby,-9.44,147.18,73.27,91,4,9.95,PG,1595184587
Nicoya,10.15,-85.45,87.8,62,75,11.41,CR,1595184302
Altay,47.87,88.12,65.88,46,21,2.06,CN,1595184330
Megion,61.03,76.11,66.2,77,75,6.71,RU,1595184591
Thunder Bay,48.4,-89.32,77.0,50,75,20.8,CA,1595184482
Jiaocheng,24.68,116.14,77.68,89,100,2.19,CN,1595184593
Port-Cartier,50.03,-66.87,73.99,69,40,9.17,CA,1595184594
Kilindoni,-7.91,39.67,76.98,72,0,23.8,TZ,1595184596
Balikpapan,-1.27,116.83,77.61,89,83,8.48,ID,1595184597
Chazuta,-6.57,-76.14,87.8,58,40,4.7,PE,1595184599
Uberlândia,-18.92,-48.28,74.41,36,0,10.92,BR,1595184600
Lufilufi,-13.87,-171.6,78.01,88,20,5.01,WS,1595184601
Khovd,48.01,91.64,63.57,64,4,1.61,MN,1595184602
Aksarka,66.56,67.8,47.95,83,0,9.24,RU,1595184603
Kvitok,56.07,98.48,46.67,74,6,2.42,RU,1595184605
Iqaluit,63.75,-68.51,46.4,100,90,5.82,CA,1595184606
Ashta,23.02,76.72,80.6,83,40,8.05,IN,1595184607
São José da Coroa Grande,-8.9,-35.15,77.43,80,18,13.58,BR,1595184608
Zhanakorgan,43.91,67.25,89.55,14,78,8.7,KZ,1595184609
Ambilobe,-13.2,49.05,69.98,61,57,6.89,MG,1595184610
Kautokeino,69.01,23.04,56.66,92,100,0.58,NO,1595184611
Bilma,18.69,12.92,97.12,15,0,7.02,NE,1595184612
Cabedelo,-6.98,-34.83,82.4,69,40,13.87,BR,1595184613
Steinau,53.68,8.88,69.01,72,75,5.82,DE,1595184615
San Patricio,19.22,-104.7,89.6,70,20,11.41,MX,1595184616
Ilanskiy,56.24,96.06,48.96,80,0,3.15,RU,1595184617
Welwyn Garden City,51.8,-0.21,66.99,48,72,8.05,GB,1595184618
Boddam,57.47,-1.78,55.99,82,20,4.7,GB,1595184619
Indramayu,-6.33,108.32,78.51,78,14,9.82,ID,1595184620
Biu,10.61,12.19,74.73,79,88,4.32,NG,1595184621
Doha,25.29,51.53,97.0,75,0,4.7,QA,1595184331
Jiamusi,46.83,130.35,66.29,72,100,5.28,CN,1595184625
Quatre Cocos,-20.21,57.76,70.0,72,40,14.99,MU,1595184626
Hambantota,6.12,81.12,78.8,100,5,2.24,LK,1595184627
Copiapó,-27.37,-70.33,60.8,67,100,9.17,CL,1595184601
Thinadhoo,0.53,72.93,83.28,74,100,20.92,MV,1595184629
Ondjiva,-17.07,15.73,58.98,34,0,6.4,AO,1595184630
Hanzhong,33.07,107.03,68.14,74,30,0.76,CN,1595184631
Oleksandrivka,48.96,32.23,66.2,62,0,5.3,UA,1595184633
Lastoursville,-0.81,12.73,74.37,86,100,1.21,GA,1595184634
Verāval,20.9,70.37,84.22,81,100,14.16,IN,1595184635
Manta,-0.95,-80.73,78.8,78,75,8.05,EC,1595184392
Bartica,6.4,-58.62,86.0,70,75,6.93,GY,1595184637
Cape Coast,5.11,-1.25,75.13,91,26,11.36,GH,1595184640
Deputatsky,69.3,139.9,54.73,75,100,1.21,RU,1595184641
Maputo,-25.97,32.59,68.0,77,0,8.05,MZ,1595184642
Tezu,27.92,96.17,75.16,87,100,3.67,IN,1595184643
Itaituba,-4.28,-55.98,96.75,27,99,4.36,BR,1595184644
Takoradze,4.88,-1.76,75.6,89,52,8.86,GH,1595184646
Huangmei,30.19,116.03,72.0,93,100,1.74,CN,1595184647
San Ignacio,17.16,-89.07,91.0,66,40,6.93,BZ,1595184606
Namtsy,62.72,129.67,66.2,88,0,4.47,RU,1595184649
Belen,36.49,36.22,80.6,78,20,17.22,TR,1595184650
Waipawa,-41.41,175.52,46.4,87,100,3.36,NZ,1595184651
Kachug,53.96,105.88,43.0,86,7,4.18,RU,1595184653
Piaçabuçu,-10.41,-36.43,76.64,75,67,12.5,BR,1595184654
Listvyanka,51.85,104.87,41.0,100,0,4.47,RU,1595184655
Monrovia,6.3,-10.8,77.0,94,75,10.0,LR,1595184656
Al Bardīyah,31.76,25.09,73.74,84,0,10.42,LY,1595184657
Mitsamiouli,-11.38,43.28,75.2,69,20,2.24,KM,1595184658
Maracaçumé,-2.04,-45.96,78.93,89,99,4.25,BR,1595184659
Pacasmayo,-7.4,-79.57,66.31,71,32,15.46,PE,1595184661
Ancud,-41.87,-73.82,51.01,87,90,8.05,CL,1595184662
Nuevo Progreso,23.17,-97.95,93.0,47,0,10.0,MX,1595184663
Iisalmi,63.56,27.19,73.4,60,48,3.36,FI,1595184664
Tucuruí,-3.77,-49.67,87.28,51,55,6.2,BR,1595184665
Ibrā’,22.69,58.53,84.33,71,84,9.53,OM,1595184666
Ürümqi,43.8,87.6,82.4,37,80,4.47,CN,1595184667
Derzhavīnsk,51.1,66.32,75.97,48,0,7.99,KZ,1595184668
Chapais,49.78,-74.85,71.6,83,90,9.17,CA,1595184460
Shubarshi,48.59,57.19,80.58,34,0,12.06,KZ,1595184671
Byron Bay,-28.65,153.62,54.0,87,0,6.93,AU,1595184476
Pittsburg,38.03,-121.88,79.0,53,1,12.75,US,1595184673
Concordia,-31.39,-58.02,81.0,54,87,5.82,AR,1595184674
Haisyn,48.81,29.39,65.37,81,86,6.17,UA,1595184675
Cairns,-16.92,145.77,60.8,82,5,5.82,AU,1595184676
Thohoyandou,-22.95,30.48,55.45,50,0,1.39,ZA,1595184678
Korla,41.76,86.15,75.0,93,100,5.48,CN,1595184680
Bereda,43.27,-7.54,69.01,79,13,7.0,ES,1595184681
Xapuri,-10.65,-68.5,92.82,36,100,3.36,BR,1595184682
Bitung,1.45,125.18,75.2,94,20,2.24,ID,1595184683
Verkhnevilyuysk,63.45,120.32,56.95,94,100,7.34,RU,1595184684
Camaná,-16.62,-72.71,62.8,71,80,9.1,PE,1595184685
Alzamay,55.56,98.66,45.23,85,24,1.83,RU,1595184687
Kiryat Gat,31.61,34.76,82.0,64,0,1.01,IL,1595184581
Wanning,18.8,110.4,81.7,85,100,10.83,CN,1595184689
Blagoyevo,63.37,47.92,58.77,66,0,5.75,RU,1595184690
Mana,5.66,-53.78,82.44,79,82,8.21,GF,1595184692
Moramanga,-18.93,48.2,52.75,94,78,5.97,MG,1595184693
Salalah,17.02,54.09,82.4,94,75,4.7,OM,1595184695
Yarovoy,52.93,78.58,66.81,77,68,6.15,RU,1595184696
Chui,-33.7,-53.46,72.37,77,100,5.06,UY,1595184690
Griffith,41.53,-87.42,73.4,100,75,3.36,US,1595184698
Okhotsk,59.38,143.3,54.72,92,22,3.62,RU,1595184699
Mananjary,-21.22,48.33,66.4,67,98,4.21,MG,1595184700
Sistranda,63.73,8.83,59.0,67,75,6.93,NO,1595184703
Bairiki Village,1.33,172.98,82.4,78,40,6.93,KI,1595184704
Ébolowa,2.9,11.15,69.04,96,100,3.15,CM,1595184705
Carbonia,39.17,8.52,80.6,65,40,9.17,IT,1595184697
Bhatkal,13.97,74.57,79.47,85,100,3.42,IN,1595184707
Suba,10.84,121.01,82.74,72,100,6.89,PH,1595184708
Pilar,-9.6,-35.96,73.4,94,75,6.93,BR,1595184710
San Joaquin,10.26,-67.79,81.81,71,76,5.7,VE,1595184711
Mata,40.68,-7.46,81.0,52,0,5.01,PT,1595184712
Seymchan,62.88,152.43,59.65,73,100,1.23,RU,1595184713
Macusani,-14.08,-70.43,52.12,38,75,8.21,PE,1595184714
Boden,65.83,21.69,64.4,82,36,6.93,SE,1595184715
Poya,-21.35,165.15,64.69,80,45,3.6,NC,1595184716
Det Udom,14.91,105.08,80.6,88,100,2.24,TH,1595184717
Dhidhdhoo,6.88,73.1,80.53,82,99,19.24,MV,1595184719
Solnechnyy,50.72,136.63,65.52,82,100,1.39,RU,1595184722
Turaif,31.67,38.66,96.8,15,40,6.93,SA,1595184723
Jakar,27.55,90.75,59.7,77,100,0.81,BT,1595184724
Marsá Maţrūḩ,31.35,27.25,77.0,73,20,6.93,EG,1595184725
Langham,52.37,-106.97,68.0,64,75,11.41,CA,1595184726
Marawi,8.0,124.29,75.0,91,100,5.99,PH,1595184728
Arrondissement de Narbonne,43.08,2.83,84.99,37,0,5.99,FR,1595184729
Makassar,-5.14,119.42,71.6,94,20,2.24,ID,1595184730
Marsh Harbour,26.54,-77.06,83.64,77,0,15.5,BS,1595184731
Yulara,-25.24,130.99,55.4,66,90,10.29,AU,1595184667
Oussouye,12.48,-16.55,84.2,74,40,6.93,SN,1595184734
Jauja,-11.78,-75.5,63.21,27,9,4.41,PE,1595184735
Guasdualito,7.24,-70.73,80.6,88,75,5.82,VE,1595184737
San Rafael,-34.62,-68.33,60.84,39,0,7.61,AR,1595184511
Santa Barbara,34.42,-119.7,64.4,77,40,8.05,US,1595184666
Lowestoft,52.48,1.75,64.99,68,8,8.99,GB,1595184741
Laguna,38.42,-121.42,82.99,44,1,8.05,US,1595184742
Malbork,54.04,19.03,75.0,64,1,4.7,PL,1595184743
Kavaratti,10.57,72.64,80.96,83,100,17.0,IN,1595184744
Evensk,61.95,159.23,56.52,82,84,12.8,RU,1595184746
Port Macquarie,-31.43,152.92,44.01,97,0,5.77,AU,1595184558
Smithers,54.78,-127.17,62.6,67,75,4.7,CA,1595184749
Margate,51.38,1.39,61.0,89,100,1.01,GB,1595184750
Pisco,-13.7,-76.22,64.99,72,95,11.41,PE,1595184751
Hualmay,-11.1,-77.61,66.18,65,80,11.16,PE,1595184636
Bayir,37.27,28.22,77.0,69,0,3.36,TR,1595184753
Waddān,29.16,16.14,85.28,43,0,23.11,LY,1595184754
Teya,60.38,92.63,54.72,80,100,2.82,RU,1595184755
Qasigiannguit,68.82,-51.19,57.2,41,93,3.36,GL,1595184757
Novy Urengoy,66.08,76.63,51.3,84,96,14.81,RU,1595184543
Flin Flon,54.77,-101.86,69.8,46,40,6.93,CA,1595184759
Little Rock,34.75,-92.29,95.0,52,40,4.7,US,1595184760
Sibu,2.3,111.82,77.0,94,40,1.12,MY,1595184761
Goya,-29.14,-59.26,86.61,38,100,10.29,AR,1595184763
Kalmunai,7.42,81.82,81.23,79,69,7.61,LK,1595184764
Srednekolymsk,67.45,153.68,65.41,58,0,11.54,RU,1595184765
Lodja,-3.48,23.43,75.27,40,100,0.16,CD,1595184487
Rafai,4.95,23.92,67.33,98,100,1.66,CF,1595184767
Najrān,17.49,44.13,93.2,18,40,11.41,SA,1595184768
Kaniama,-7.57,24.18,66.99,33,0,4.63,CD,1595184769
Halifax,44.65,-63.57,82.0,74,100,10.29,CA,1595184679
Mizdah,31.45,12.98,78.04,49,0,15.88,LY,1595184771
Chaiyaphum,15.75,102.0,81.27,78,100,5.14,TH,1595184773
Terrace,54.52,-128.6,62.6,72,75,2.24,CA,1595184638
Bosaso,11.28,49.18,91.83,37,94,21.81,SO,1595184776
Tambacounda,13.75,-13.76,89.6,62,75,4.7,SN,1595184777
Līvāni,56.35,26.18,62.17,89,12,3.15,LV,1595184778
Narrabri,-30.32,149.78,35.6,85,0,2.21,AU,1595184779
Conner,17.8,121.33,74.16,85,0,2.46,PH,1595184781
Coos Bay,43.37,-124.22,75.99,82,1,21.92,US,1595184783
Gamba,-2.65,10.0,71.91,85,72,6.73,GA,1595184632
Española,35.99,-106.08,84.0,24,1,3.27,US,1595184785
Virginia Beach,36.85,-75.98,98.01,47,40,9.17,US,1595184345
